"Action","Paper","Why","Path","To"
"bin","1.ClimateAndFiscalPolicy\1.1.OpenEconomyCarbonPricing","a script or log inside a paper folder","1.ClimateAndFiscalPolicy\1.1.OpenEconomyCarbonPricing\9.Archive\Reorganize-OECP.bat",""
"bin","1.ClimateAndFiscalPolicy\1.1.OpenEconomyCarbonPricing","a script or log inside a paper folder","1.ClimateAndFiscalPolicy\1.1.OpenEconomyCarbonPricing\9.Archive\Reorganize-OECP.ps1",""
"bin","1.ClimateAndFiscalPolicy\1.1.OpenEconomyCarbonPricing","a script or log inside a paper folder","1.ClimateAndFiscalPolicy\1.1.OpenEconomyCarbonPricing\9.Archive\_ReorganizeLog.txt",""
"bin","2.FinanceAndRisk\2.2.ClimateInvestmentTrust","not this paper, and already held elsewhere in the folder","2.FinanceAndRisk\2.2.ClimateInvestmentTrust\2.Source\EquityDeRiskingForCleanEnergy.docx",""
"bin","1.ClimateAndFiscalPolicy\1.3.IronSteelCBAM","identical to 1.ClimateAndFiscalPolicy\1.3.IronSteelCBAM\IronSteelCBAM.qmd","1.ClimateAndFiscalPolicy\1.3.IronSteelCBAM\8.PreviousVersions\IronSteelCBAM-2026-09-17-new.qmd",""
"bin","1.ClimateAndFiscalPolicy\1.3.IronSteelCBAM","identical to 1.ClimateAndFiscalPolicy\1.3.IronSteelCBAM\IronSteelCBAM.docx","1.ClimateAndFiscalPolicy\1.3.IronSteelCBAM\8.PreviousVersions\IronSteelCBAM-2026-09-17-new.docx",""
"bin","2.FinanceAndRisk\2.1.ClimateFinanceIntermediationForCleanPower","the same document as Background-SyntheticSovereignBonds","2.FinanceAndRisk\2.1.ClimateFinanceIntermediationForCleanPower\8.PreviousVersions\SyntheticSovereignBonds\SyntheticSovereignBonds-previous.docx",""
"bin","2.FinanceAndRisk\2.1.ClimateFinanceIntermediationForCleanPower","the same document as Background-SyntheticSovereignBonds","2.FinanceAndRisk\2.1.ClimateFinanceIntermediationForCleanPower\8.PreviousVersions\SyntheticSovereignBonds\SyntheticSovereignBonds-previous.qmd",""
"bin","2.FinanceAndRisk\2.1.ClimateFinanceIntermediationForCleanPower","the same document as Background-SyntheticSovereignBonds","2.FinanceAndRisk\2.1.ClimateFinanceIntermediationForCleanPower\8.PreviousVersions\SyntheticSovereignBonds\SyntheticSovereignBonds.docx",""
"bin","2.FinanceAndRisk\2.1.ClimateFinanceIntermediationForCleanPower","the same document as Background-SyntheticSovereignBonds","2.FinanceAndRisk\2.1.ClimateFinanceIntermediationForCleanPower\8.PreviousVersions\SyntheticSovereignBonds\SyntheticSovereignBonds.qmd",""
"bin","2.FinanceAndRisk\2.2.ClimateInvestmentTrust","the same document as StandardizedTwoStage-previous","2.FinanceAndRisk\2.2.ClimateInvestmentTrust\8.PreviousVersions\StandardizedTwoStage\StandardizedTwoStageClimateProjectFinance.docx",""
"bin","2.FinanceAndRisk\2.2.ClimateInvestmentTrust","the same document as StandardizedTwoStage-previous","2.FinanceAndRisk\2.2.ClimateInvestmentTrust\8.PreviousVersions\StandardizedTwoStage\StandardizedTwoStageClimateProjectFinance.qmd",""
"bin","4.Modelling\4.2.CPATArchitectureRecodingAndFiscalApplication","the same document as Background-PowerInvestmentEquations1","4.Modelling\4.2.CPATArchitectureRecodingAndFiscalApplication\3.BackgroundPapers\PowerInvestmentEquations\Background-PowerInvestmentEquations.tex",""
"bin","5.Analytics\5.1.ExciseFiscalDiagnostic","the same document as SLE_Excise_Diagnostic","5.Analytics\5.1.ExciseFiscalDiagnostic\3.BackgroundPapers\SLE-ExciseDiagnostic.docx",""
"bin","5.Analytics\5.1.ExciseFiscalDiagnostic","the same document as SLE_Excise_Diagnostic","5.Analytics\5.1.ExciseFiscalDiagnostic\3.BackgroundPapers\SLE-ExciseDiagnostic.qmd",""
