"Theme","PaperFolder","Status","CoreFile","CoreFormat","OriginalFile","OriginalPrefix","Confidence","Bibliography","OtherFormats","Slots","Files","CoreModified","Notes"
"1.ClimateAndFiscalPolicy","1.1.OpenEconomyCarbonPricing","Structured","OpenEconomyCarbonPricing.qmd","qmd","OpenEconomyCarbonPricing.qmd","NONE","confident","OpenEconomyCarbonPricing.bib","docx tex","1 2 3 4 5 9","22","2026-09-17",""
"1.ClimateAndFiscalPolicy","1.2.FeebatesAndOutputBasedRebating","Structured","FeebatesAndOutputBasedRebating.qmd","qmd","FeebatesAndOutputBasedRebating.qmd","NONE","confident","","docx","1 2 3","33","2026-09-17",""
"1.ClimateAndFiscalPolicy","1.3.IronSteelCBAM","Structured","IronSteelCBAM.qmd","qmd","IronSteelCBAM.qmd","NONE","confident","","docx","1 2","8","2026-09-17",""
"2.FinanceAndRisk","2.1.ClimateFinanceIntermediationForCleanPower","Structured","ClimateFinanceIntermediationForCleanPower.qmd","qmd","ClimateFinanceIntermediationForCleanPower.qmd","NONE","confident","","docx pptx","1 2 3 4 9","27","2026-09-17",""
"2.FinanceAndRisk","2.2.ClimateInvestmentTrust","Structured","ClimateInvestmentTrust.qmd","qmd","ClimateInvestmentTrust.qmd","NONE","confident","","docx","1 2 3 9","43","2026-09-17",""
"3.SovereignIncentivesAndMDBs","3.1.NotionalCapitalisedValueAndGuarantees","NO PAPER FOUND - tell me which file is the core","","","","","none","","","","1","","no .qmd / .docx / .tex at folder root"
"3.SovereignIncentivesAndMDBs","3.2.SustainabilityLinkedLending","NO PAPER FOUND - tell me which file is the core","","","","","none","","","","1","","no .qmd / .docx / .tex at folder root"
"4.Modelling","4.1.PolicyEquivalentCarbonPriceAndCES","Structured","PolicyEquivalentCarbonPriceAndCES.qmd","qmd","PolicyEquivalentCarbonPriceAndCES.qmd","NONE","confident","","docx tex xlsx","2 9","11","2026-09-17",""
"4.Modelling","4.2.CPATArchitectureRecodingAndFiscalApplication","NO PAPER FOUND - tell me which file is the core","","","","","none","","","3 9","15","","no .qmd / .docx / .tex at folder root"
"5.Analytics","5.1.ExciseFiscalDiagnostic","Structured","ExciseFiscalDiagnostic.qmd","qmd","ExciseFiscalDiagnostic.qmd","NONE","confident","","docx zip","1 2 3 9","25","2026-09-17",""
