"Source","Target","Kind","Result","Note"
"6.Additional\6.Books\Archive\Combined_Manuscript_Archive.docx","6.Additional\6.Books\Archive\Combined_Manuscript_Archive.qmd","docx -> qmd","created",""
"6.Additional\6.Books\Archive\Peer_Review_Time_and_Chance.md","6.Additional\6.Books\Archive\Peer_Review_Time_and_Chance.qmd","md -> qmd","created",""
"6.Additional\6.Books\Archive\Response_to_Peer_Review.md","6.Additional\6.Books\Archive\Response_to_Peer_Review.qmd","md -> qmd","created",""
"6.Additional\6.Books\Archive\The_Right_Policy_TOC.md","6.Additional\6.Books\Archive\The_Right_Policy_TOC.qmd","md -> qmd","created",""
"6.Additional\6.Books\Archive\Time_and_Chance_TOC.md","6.Additional\6.Books\Archive\Time_and_Chance_TOC.qmd","md -> qmd","created",""
"6.Additional\6.Books\Archive\Time_and_Chance_Working_Papers.docx","6.Additional\6.Books\Archive\Time_and_Chance_Working_Papers.qmd","docx -> qmd","created",""
"6.Additional\6.Books\Archive\Peer_Review_Time_and_Chance.qmd","6.Additional\6.Books\Archive\Peer_Review_Time_and_Chance.docx","qmd -> docx (new)","created",""
"6.Additional\6.Books\Archive\Response_to_Peer_Review.qmd","6.Additional\6.Books\Archive\Response_to_Peer_Review.docx","qmd -> docx (new)","created",""
"6.Additional\6.Books\Archive\The_Right_Policy_TOC.qmd","6.Additional\6.Books\Archive\The_Right_Policy_TOC.docx","qmd -> docx (new)","created",""
"6.Additional\6.Books\Archive\Time_and_Chance_TOC.qmd","6.Additional\6.Books\Archive\Time_and_Chance_TOC.docx","qmd -> docx (new)","created",""
